{
  "accuracy": [
    0.9289696216583252,
    0.9459635019302368,
    0.9506732821464539,
    0.9504343271255493,
    0.9517563581466675,
    0.9506131410598755,
    0.9476537108421326,
    0.9472126960754395,
    0.9474457502365112,
    0.9475637674331665,
    0.9491910934448242,
    0.9481058120727539,
    0.9489005208015442,
    0.9488891363143921,
    0.9481152892112732,
    0.9486462473869324,
    0.9481025338172913,
    0.9493584632873535,
    0.9495383501052856,
    0.9498268961906433,
    0.948486328125,
    0.9500693678855896,
    0.9500188231468201,
    0.9498670697212219,
    0.9500342011451721,
    0.9508162140846252,
    0.9498210549354553,
    0.9491986632347107,
    0.9488851428031921,
    0.9505230784416199,
    0.9500076770782471,
    0.95074063539505,
    0.9495958685874939,
    0.9499676823616028,
    0.9497538805007935,
    0.9501328468322754
  ],
  "dice_coefficient": [
    0.341289222240448,
    0.45905882120132446,
    0.5513527393341064,
    0.5868827700614929,
    0.6226398348808289,
    0.6285277605056763,
    0.6067562699317932,
    0.6160629987716675,
    0.6190488338470459,
    0.6135685443878174,
    0.6312792897224426,
    0.6315712332725525,
    0.6243462562561035,
    0.6333667635917664,
    0.6256706118583679,
    0.6371991038322449,
    0.6308639049530029,
    0.6403034329414368,
    0.6395738124847412,
    0.6439390182495117,
    0.6431580781936646,
    0.6487898230552673,
    0.6474241614341736,
    0.6414748430252075,
    0.6501312851905823,
    0.6560814380645752,
    0.6528859734535217,
    0.6534614562988281,
    0.6518427133560181,
    0.6508597731590271,
    0.6565413475036621,
    0.6594211459159851,
    0.6594594717025757,
    0.657689094543457,
    0.6563272476196289,
    0.6578753590583801
  ],
  "iou_metric": [
    0.21147967875003815,
    0.30523958802223206,
    0.3883633315563202,
    0.42531639337539673,
    0.4633899927139282,
    0.474521279335022,
    0.46068286895751953,
    0.46844205260276794,
    0.4744914472103119,
    0.4715392589569092,
    0.4883231818675995,
    0.4877254366874695,
    0.48313942551612854,
    0.4920598268508911,
    0.4844974875450134,
    0.4950374960899353,
    0.48885414004325867,
    0.49831223487854004,
    0.49722719192504883,
    0.5005541443824768,
    0.5024214386940002,
    0.508062481880188,
    0.5064270496368408,
    0.5034248232841492,
    0.5100042819976807,
    0.5144222974777222,
    0.511715829372406,
    0.5117772817611694,
    0.5113345980644226,
    0.5124363899230957,
    0.5147695541381836,
    0.5183570384979248,
    0.5187049508094788,
    0.5172576308250427,
    0.5159304738044739,
    0.5166600942611694
  ],
  "loss": [
    0.4724572002887726,
    0.3577224612236023,
    0.2930908799171448,
    0.2718096971511841,
    0.249118834733963,
    0.24721573293209076,
    0.2638067603111267,
    0.2597980797290802,
    0.25916287302970886,
    0.26210054755210876,
    0.25093451142311096,
    0.2521035671234131,
    0.25579532980918884,
    0.2505049705505371,
    0.2571776509284973,
    0.2501780092716217,
    0.25375837087631226,
    0.24746987223625183,
    0.24746426939964294,
    0.24461261928081512,
    0.24990154802799225,
    0.2435535490512848,
    0.24353674054145813,
    0.24663755297660828,
    0.24137842655181885,
    0.2369992583990097,
    0.2421850860118866,
    0.24217626452445984,
    0.2442208081483841,
    0.24158191680908203,
    0.23990046977996826,
    0.23670759797096252,
    0.2399255335330963,
    0.23899313807487488,
    0.24055765569210052,
    0.23791466653347015
  ],
  "val_accuracy": [
    0.967368483543396,
    0.931327223777771,
    0.9632300138473511,
    0.972224771976471,
    0.9617469310760498,
    0.9676029682159424,
    0.9689480066299438,
    0.9667323231697083,
    0.9661496877670288,
    0.9567965865135193,
    0.9648858308792114,
    0.9718389511108398,
    0.9625450968742371,
    0.966064989566803,
    0.9723955988883972,
    0.9697012901306152,
    0.9667712450027466,
    0.9712475538253784,
    0.9508691430091858,
    0.9676978588104248,
    0.9741377830505371,
    0.9723265171051025,
    0.9672346711158752,
    0.9641948342323303,
    0.967250406742096,
    0.9676464796066284,
    0.9689282178878784,
    0.9648211002349854,
    0.9592120051383972,
    0.9647925496101379,
    0.9724940061569214,
    0.8818932771682739,
    0.9641823768615723,
    0.9679702520370483,
    0.9725629687309265,
    0.9646530747413635
  ],
  "val_dice_coefficient": [
    0.3463403582572937,
    0.4760107398033142,
    0.536018967628479,
    0.6172881126403809,
    0.6558631658554077,
    0.6720576882362366,
    0.7018148303031921,
    0.6899870038032532,
    0.6907855272293091,
    0.6785812377929688,
    0.7081809043884277,
    0.7212206125259399,
    0.6981630325317383,
    0.692507803440094,
    0.7336108088493347,
    0.7115061283111572,
    0.6979110836982727,
    0.7274320125579834,
    0.6763185262680054,
    0.7208250761032104,
    0.733020007610321,
    0.7236184477806091,
    0.71039879322052,
    0.7138368487358093,
    0.714913010597229,
    0.7134395241737366,
    0.7159754037857056,
    0.7093524932861328,
    0.6904987692832947,
    0.7016580104827881,
    0.7296920418739319,
    0.06871780008077621,
    0.7101051211357117,
    0.7141698598861694,
    0.7260919213294983,
    0.7047770023345947
  ],
  "val_iou_metric": [
    0.2151147723197937,
    0.3201877176761627,
    0.37449023127555847,
    0.4525185823440552,
    0.49767565727233887,
    0.5170304775238037,
    0.547985315322876,
    0.537182629108429,
    0.5416023135185242,
    0.5289636254310608,
    0.5593578219413757,
    0.5717136263847351,
    0.5517364144325256,
    0.5368940830230713,
    0.5851383805274963,
    0.5653783082962036,
    0.5501293540000916,
    0.5786200165748596,
    0.5362236499786377,
    0.5736969113349915,
    0.5879388451576233,
    0.5789204239845276,
    0.5638895630836487,
    0.5694383382797241,
    0.5726729035377502,
    0.5684131979942322,
    0.5690892338752747,
    0.5630927085876465,
    0.5486450791358948,
    0.558885931968689,
    0.5846933126449585,
    0.041621699929237366,
    0.5652134418487549,
    0.5714280605316162,
    0.5791164636611938,
    0.5590875148773193
  ],
  "val_loss": [
    0.40321022272109985,
    0.37195533514022827,
    0.2891826331615448,
    0.2521544098854065,
    0.223752960562706,
    0.20901897549629211,
    0.19457431137561798,
    0.20136089622974396,
    0.2022123634815216,
    0.2223222255706787,
    0.19764350354671478,
    0.1821569949388504,
    0.20388901233673096,
    0.20191578567028046,
    0.17464324831962585,
    0.18694351613521576,
    0.19854681193828583,
    0.17973139882087708,
    0.23154333233833313,
    0.1848423033952713,
    0.1722162663936615,
    0.17839574813842773,
    0.18998181819915771,
    0.1926848292350769,
    0.18916091322898865,
    0.1883859932422638,
    0.18690240383148193,
    0.19356903433799744,
    0.21017009019851685,
    0.19669680297374725,
    0.17523348331451416,
    0.7453814744949341,
    0.19315524399280548,
    0.187421515583992,
    0.17634928226470947,
    0.1951473206281662
  ],