{
  "test_accuracy": 0.7746238708496094,
  "test_loss": 0.49652305245399475
}